b2f489a9-c8c7-445d-b732-4278d5e42bb9,Sheridan,https://www.youtube.com/embed/Zbmbai377I4,true,560,315,October 9 2017,93,76402
ed55083b-9d3c-4f9e-8192-1bbf5b7d1bff,Funny Animal Videos,https://www.youtube.com/embed/Xx-RhMX6uyE,false,560,315,March 3 2019,92,158071
d544f7e2-8300-4923-9666-895ebecbda19,Funny Dog Videos,https://www.youtube.com/embed/BRMK77NUsyU,false,560,315,November 16 2018,89,2274502
d32aa23e-371b-48b7-a3fa-6bd9286b09d2,Funny Cat Videos,https://www.youtube.com/embed/CQ85sUNBK7w,false,560,315,November 29 2018,86,3335336
972df2ea-2020-4b42-af5b-283405dc5514,Funny Bird Videos,https://www.youtube.com/embed/gdEcQfAUggo,false,560,315,November 23 2017,96,3636523
24406b67-2fa0-4a07-a618-83e588441b5d,Funny Baby Videos,https://www.youtube.com/embed/EwIt11evPfY,false,560,315,August 13 2018,90,16888818
3f5d51f7-1f51-4a4e-b0fb-14cada204957,Funny Cooking Videos,https://www.youtube.com/embed/aD6Z3_WT0HE,false,560,315,August 17 2017,90,994039
15fc7935-af24-47ed-9f4d-6ffe56b9d49f,Funny Basketball Videos,https://www.youtube.com/embed/5tOgJqXTiiM,false,560,315,December 8 2017,96,20332499
9b23c8a2-e15a-41a2-873b-31ef6586b8c7,How to Cook Egg,https://www.youtube.com/embed/J5_HmfZyhKo,false,560,315,March 3 2013,88,3514976
58acc680-5ad3-47ee-b19b-e13d9326a4ff,$1 Sushi vs $133 Sushi,https://www.youtube.com/embed/qUm8TSGtenI,false,560,315,September 30 2018,97,11247596
bf28aaf4-79b6-45ee-965c-d8f47be69e3f,Funny Hockey Videos,https://www.youtube.com/embed/StmI5v-VNss,false,560,315,March 5 2018,89,1393720
485f37f5-4ddf-428b-b629-1547b4b344e5,Funny Soccer Videos,https://www.youtube.com/embed/79Mib0BY2K8,false,560,315,November 23 2018,88,4160879
8b4500ee-ed52-4fca-bd51-254754b1e322,Funny Bowling Videos,https://www.youtube.com/embed/arG4hMtr9uA,false,560,315,January 27 2015,92,2062787
a773a9b9-f49e-412b-93f2-da025928d88f,Funny Wedding Videos,https://www.youtube.com/embed/jmlArfMKaPw,false,560,315,September 3 2017,67,4756211
eba010b7-b45c-4930-be4c-815cba86dd35,How to Cook a Cheap Steak vs An Expensive Steak,https://www.youtube.com/embed/ir5U88d_3iI,false,560,315,April 27 2017,95,15125272
f89de307-9cc3-41b5-9f4a-02a26b597247,Java Programming,https://www.youtube.com/embed/WPvGqX-TXP0,false,560,315,June 3 2014,95,4201581
25434aff-3e39-4d0a-9f88-a6f536303e20,Cute Tiger Videos,https://www.youtube.com/embed/1vUuHqqTQTw,false,560,315,September 27 2017,95,3650447
8b40e0c3-cf0e-4be8-90ae-71ea6d948154,Funny Panda Videos,https://www.youtube.com/embed/wAEzpwvrveg,false,560,315,June 15 2016,95,8804378
695bdcec-8cd5-432f-a04a-c15ea8ecbc8a,Should You Learn C++ in 2018,https://www.youtube.com/embed/7xVrYnyQ04M,false,560,315,November 13 2017,89,1088736
33256fd1-37e3-4f16-a632-6e73ed084b1b,Magic Videos,https://www.youtube.com/embed/SQDwn6ehfro,false,560,315,July 14 2018,86,8063673
