b2f489a9-c8c7-445d-b732-4278d5e42bb9,file:src/images/posters/1.png
ed55083b-9d3c-4f9e-8192-1bbf5b7d1bff,file:src/images/posters/2.png
d544f7e2-8300-4923-9666-895ebecbda19,file:src/images/posters/3.png
d32aa23e-371b-48b7-a3fa-6bd9286b09d2,file:src/images/posters/4.png
972df2ea-2020-4b42-af5b-283405dc5514,file:src/images/posters/5.png
24406b67-2fa0-4a07-a618-83e588441b5d,file:src/images/posters/6.png
3f5d51f7-1f51-4a4e-b0fb-14cada204957,file:src/images/posters/7.png
15fc7935-af24-47ed-9f4d-6ffe56b9d49f,file:src/images/posters/8.png
9b23c8a2-e15a-41a2-873b-31ef6586b8c7,file:src/images/posters/9.png
58acc680-5ad3-47ee-b19b-e13d9326a4ff,file:src/images/posters/10.png
bf28aaf4-79b6-45ee-965c-d8f47be69e3f,file:src/images/posters/11.png
485f37f5-4ddf-428b-b629-1547b4b344e5,file:src/images/posters/12.png
8b4500ee-ed52-4fca-bd51-254754b1e322,file:src/images/posters/13.png
a773a9b9-f49e-412b-93f2-da025928d88f,file:src/images/posters/14.png
eba010b7-b45c-4930-be4c-815cba86dd35,file:src/images/posters/15.png
f89de307-9cc3-41b5-9f4a-02a26b597247,file:src/images/posters/16.png
25434aff-3e39-4d0a-9f88-a6f536303e20,file:src/images/posters/17.png
8b40e0c3-cf0e-4be8-90ae-71ea6d948154,file:src/images/posters/18.png
695bdcec-8cd5-432f-a04a-c15ea8ecbc8a,file:src/images/posters/19.png
33256fd1-37e3-4f16-a632-6e73ed084b1b,file:src/images/posters/20.png
